[{"model": "app_catalog.category", "pk": 1, "fields": {"name": "Пицца", "image": "", "is_active": true, "is_for_admin": false, "slug": "picca", "time_update": "2025-03-14T10:58:25.834", "branch": [1, 2]}}, {"model": "app_catalog.category", "pk": 2, "fields": {"name": "Фастфуд", "image": "", "is_active": true, "is_for_admin": false, "slug": "fastfud", "time_update": "2025-03-14T10:58:29.071", "branch": [1, 2]}}, {"model": "app_catalog.category", "pk": 3, "fields": {"name": "Бургеры", "image": "", "is_active": true, "is_for_admin": false, "slug": "burgery", "time_update": "2025-03-14T10:58:33.676", "branch": [1]}}, {"model": "app_catalog.category", "pk": 4, "fields": {"name": "Кальцоне", "image": "", "is_active": true, "is_for_admin": false, "slug": "kalcone", "time_update": "2025-03-14T10:58:45.027", "branch": [1, 2]}}, {"model": "app_catalog.category", "pk": 5, "fields": {"name": "Комбо", "image": "", "is_active": true, "is_for_admin": false, "slug": "kombo", "time_update": "2025-03-14T10:58:56.094", "branch": [1, 2]}}, {"model": "app_catalog.category", "pk": 6, "fields": {"name": "Холодные роллы", "image": "", "is_active": false, "is_for_admin": false, "slug": "holodnye-rolly", "time_update": "2025-03-14T10:59:32.758", "branch": []}}, {"model": "app_catalog.category", "pk": 7, "fields": {"name": "Горячие роллы", "image": "", "is_active": false, "is_for_admin": false, "slug": "goryachie-rolly", "time_update": "2025-03-14T10:59:45.447", "branch": []}}, {"model": "app_catalog.category", "pk": 8, "fields": {"name": "Запеченные роллы", "image": "", "is_active": false, "is_for_admin": false, "slug": "zapechennye-rolly", "time_update": "2025-03-14T10:59:58.850", "branch": []}}, {"model": "app_catalog.category", "pk": 9, "fields": {"name": "Напитки", "image": "", "is_active": true, "is_for_admin": false, "slug": "napitki", "time_update": "2025-03-14T11:00:12.186", "branch": [1, 2]}}, {"model": "app_catalog.category", "pk": 10, "fields": {"name": "Напитки в зал", "image": "", "is_active": true, "is_for_admin": true, "slug": "napitki-v-zal", "time_update": "2025-03-14T11:00:25.190", "branch": [1, 2]}}, {"model": "app_catalog.item", "pk": 1, "fields": {"category": 3, "name": "Гамбургер", "description": "Булочка, котлета говяжья, огурцы маринованные, соус горчичный", "image": "", "is_weekly_special": false, "slug": "gamburger", "is_active": true}}, {"model": "app_catalog.item", "pk": 2, "fields": {"category": 3, "name": "Чизбургер", "description": "Булочка, котлета говяжья, сыр Чеддер, лук репчатый, огурцы маринованные, соус горчичный", "image": "", "is_weekly_special": false, "slug": "chizburger", "is_active": true}}, {"model": "app_catalog.item", "pk": 3, "fields": {"category": 1, "name": "От шефа", "description": "Соус фирменный, сыр Моцарелла, ветчина, бекон, колбаса Салями, шампиньоны, перец болгарский, маслины, лук репчатый", "image": "", "is_weekly_special": false, "slug": "ot-shefa", "is_active": true}}, {"model": "app_catalog.item", "pk": 4, "fields": {"category": 1, "name": "Сочный бургер", "description": "Соус фирменный, сыр Моцарелла, ветчина, бекон, маринованные огурчики, лук репчатый, томат свежий", "image": "", "is_weekly_special": false, "slug": "sochnyj-burger", "is_active": true}}, {"model": "app_catalog.item", "pk": 5, "fields": {"category": 1, "name": "Анталия", "description": "Соус фирменный, сыр Моцарелла, бекон, варено-копченая колбаса, томат свежий, сыр пармезан", "image": "", "is_weekly_special": false, "slug": "antaliya", "is_active": true}}, {"model": "app_catalog.itemsizes", "pk": 10, "fields": {"name": "25"}}, {"model": "app_catalog.itemsizes", "pk": 11, "fields": {"name": "32"}}, {"model": "app_catalog.itemsizes", "pk": 12, "fields": {"name": "43"}}, {"model": "app_catalog.itemsizes", "pk": 13, "fields": {"name": "X"}}, {"model": "app_catalog.itemsizes", "pk": 14, "fields": {"name": "XL"}}, {"model": "app_catalog.itemparams", "pk": 1, "fields": {"item": 1, "size": null, "value": "120", "unit": "g", "price": "5.00"}}, {"model": "app_catalog.itemparams", "pk": 2, "fields": {"item": 2, "size": null, "value": "230", "unit": "g", "price": "6.00"}}, {"model": "app_catalog.itemparams", "pk": 3, "fields": {"item": 3, "size": 10, "value": null, "unit": "cm", "price": "10.50"}}, {"model": "app_catalog.itemparams", "pk": 4, "fields": {"item": 3, "size": 11, "value": null, "unit": "cm", "price": "19.00"}}, {"model": "app_catalog.itemparams", "pk": 5, "fields": {"item": 3, "size": 12, "value": null, "unit": "cm", "price": "28.50"}}, {"model": "app_catalog.itemparams", "pk": 6, "fields": {"item": 4, "size": 10, "value": null, "unit": "cm", "price": "10.50"}}, {"model": "app_catalog.itemparams", "pk": 7, "fields": {"item": 4, "size": 11, "value": null, "unit": "cm", "price": "18.00"}}, {"model": "app_catalog.itemparams", "pk": 8, "fields": {"item": 4, "size": 12, "value": null, "unit": "cm", "price": "27.00"}}, {"model": "app_catalog.itemparams", "pk": 9, "fields": {"item": 5, "size": 10, "value": null, "unit": "cm", "price": "10.50"}}, {"model": "app_catalog.itemparams", "pk": 10, "fields": {"item": 5, "size": 11, "value": null, "unit": "cm", "price": "17.50"}}, {"model": "app_catalog.itemparams", "pk": 11, "fields": {"item": 5, "size": 12, "value": null, "unit": "cm", "price": "28.00"}}, {"model": "app_catalog.pizzaboard", "pk": 1, "fields": {"name": "Колбаска копченая", "slug": "kolbaska-kopchenaya", "is_active": true}}, {"model": "app_catalog.pizzaboard", "pk": 2, "fields": {"name": "Сыр Моцарелла", "slug": "syr-mocarella", "is_active": true}}, {"model": "app_catalog.pizzaboard", "pk": 3, "fields": {"name": "Сыр Творожный", "slug": "syr-tvorozhnyj", "is_active": true}}, {"model": "app_catalog.pizzaboard", "pk": 4, "fields": {"name": "Сыр Чеддер", "slug": "syr-chedder", "is_active": true}}, {"model": "app_catalog.pizzaboard", "pk": 5, "fields": {"name": "Перец Халапеньо", "slug": "perec-halapeno", "is_active": true}}, {"model": "app_catalog.pizzaboard", "pk": 6, "fields": {"name": "Колбаски охотничьи", "slug": "kolbaski-ohotnichi", "is_active": true}}, {"model": "app_catalog.pizzasauce", "pk": 1, "fields": {"name": "Томатный", "slug": "tomatnyj", "is_active": true}}, {"model": "app_catalog.pizzasauce", "pk": 2, "fields": {"name": "Бургер", "slug": "burger", "is_active": true}}, {"model": "app_catalog.pizzasauce", "pk": 3, "fields": {"name": "Итальянский", "slug": "italyanskij", "is_active": true}}, {"model": "app_catalog.boardparams", "pk": 7, "fields": {"board": 2, "size": 10, "price": "3.00"}}, {"model": "app_catalog.boardparams", "pk": 8, "fields": {"board": 2, "size": 11, "price": "3.00"}}, {"model": "app_catalog.boardparams", "pk": 9, "fields": {"board": 2, "size": 12, "price": "4.00"}}, {"model": "app_catalog.boardparams", "pk": 10, "fields": {"board": 1, "size": 10, "price": "2.10"}}, {"model": "app_catalog.boardparams", "pk": 11, "fields": {"board": 1, "size": 11, "price": "2.10"}}, {"model": "app_catalog.boardparams", "pk": 12, "fields": {"board": 1, "size": 12, "price": "3.50"}}, {"model": "app_catalog.boardparams", "pk": 13, "fields": {"board": 3, "size": 10, "price": "3.50"}}, {"model": "app_catalog.boardparams", "pk": 14, "fields": {"board": 3, "size": 11, "price": "3.50"}}, {"model": "app_catalog.boardparams", "pk": 15, "fields": {"board": 3, "size": 12, "price": "4.50"}}, {"model": "app_catalog.boardparams", "pk": 16, "fields": {"board": 4, "size": 10, "price": "4.00"}}, {"model": "app_catalog.boardparams", "pk": 17, "fields": {"board": 4, "size": 11, "price": "4.00"}}, {"model": "app_catalog.boardparams", "pk": 18, "fields": {"board": 4, "size": 12, "price": "5.00"}}, {"model": "app_catalog.boardparams", "pk": 19, "fields": {"board": 5, "size": 10, "price": "3.50"}}, {"model": "app_catalog.boardparams", "pk": 20, "fields": {"board": 5, "size": 11, "price": "3.50"}}, {"model": "app_catalog.boardparams", "pk": 21, "fields": {"board": 5, "size": 12, "price": "4.50"}}, {"model": "app_catalog.boardparams", "pk": 22, "fields": {"board": 6, "size": 10, "price": "2.10"}}, {"model": "app_catalog.boardparams", "pk": 23, "fields": {"board": 6, "size": 11, "price": "2.10"}}, {"model": "app_catalog.boardparams", "pk": 24, "fields": {"board": 6, "size": 12, "price": "2.10"}}, {"model": "app_catalog.pizzaaddon", "pk": 1, "fields": {"name": "Ветчина Рубленная", "slug": "vetchina-rublennaya", "is_active": true}}, {"model": "app_catalog.pizzaaddon", "pk": 2, "fields": {"name": "Колбаса Салями", "slug": "kolbasa-salyami", "is_active": true}}, {"model": "app_catalog.pizzaaddon", "pk": 3, "fields": {"name": "Колбаски охотничьи", "slug": "kolbaski-ohotnichi", "is_active": true}}, {"model": "app_catalog.pizzaaddon", "pk": 4, "fields": {"name": "Опята", "slug": "opyata", "is_active": true}}, {"model": "app_catalog.pizzaaddon", "pk": 5, "fields": {"name": "Лук репчатый", "slug": "luk-repchatyj", "is_active": true}}, {"model": "app_catalog.pizzaaddon", "pk": 6, "fields": {"name": "Лук маринованный", "slug": "luk-marinovannyj", "is_active": true}}, {"model": "app_catalog.pizzaaddon", "pk": 7, "fields": {"name": "Сыр Чеддер", "slug": "syr-chedder", "is_active": true}}, {"model": "app_catalog.pizzaaddon", "pk": 8, "fields": {"name": "Огурцы маринованные", "slug": "ogurcy-marinovannye", "is_active": true}}, {"model": "app_catalog.pizzaaddon", "pk": 9, "fields": {"name": "Мясо цыпленка", "slug": "myaso-cyplenka", "is_active": true}}, {"model": "app_catalog.pizzaaddon", "pk": 10, "fields": {"name": "Ветчина Классическая", "slug": "vetchina-klassicheskaya", "is_active": true}}, {"model": "app_catalog.pizzaaddon", "pk": 11, "fields": {"name": "Бекон", "slug": "bekon", "is_active": true}}, {"model": "app_catalog.pizzaaddon", "pk": 12, "fields": {"name": "Болгарский перец", "slug": "bolgarskij-perec", "is_active": true}}, {"model": "app_catalog.pizzaaddon", "pk": 13, "fields": {"name": "Помидоры", "slug": "pomidory", "is_active": true}}, {"model": "app_catalog.pizzaaddon", "pk": 14, "fields": {"name": "Шампиньоны", "slug": "shampinony", "is_active": true}}, {"model": "app_catalog.pizzaaddon", "pk": 15, "fields": {"name": "Халапеньо", "slug": "halapeno", "is_active": true}}, {"model": "app_catalog.pizzaaddon", "pk": 16, "fields": {"name": "Моцарелла", "slug": "mocarella", "is_active": true}}, {"model": "app_catalog.addonparams", "pk": 7, "fields": {"addon": 2, "size": 10, "price": "1.70"}}, {"model": "app_catalog.addonparams", "pk": 8, "fields": {"addon": 2, "size": 11, "price": "1.70"}}, {"model": "app_catalog.addonparams", "pk": 9, "fields": {"addon": 2, "size": 12, "price": "2.20"}}, {"model": "app_catalog.addonparams", "pk": 10, "fields": {"addon": 1, "size": 10, "price": "0.70"}}, {"model": "app_catalog.addonparams", "pk": 11, "fields": {"addon": 1, "size": 11, "price": "0.70"}}, {"model": "app_catalog.addonparams", "pk": 12, "fields": {"addon": 1, "size": 12, "price": "1.20"}}, {"model": "app_catalog.addonparams", "pk": 13, "fields": {"addon": 3, "size": 10, "price": "0.70"}}, {"model": "app_catalog.addonparams", "pk": 14, "fields": {"addon": 3, "size": 11, "price": "0.70"}}, {"model": "app_catalog.addonparams", "pk": 15, "fields": {"addon": 3, "size": 12, "price": "1.20"}}, {"model": "app_catalog.addonparams", "pk": 16, "fields": {"addon": 4, "size": 10, "price": "1.20"}}, {"model": "app_catalog.addonparams", "pk": 17, "fields": {"addon": 4, "size": 11, "price": "1.20"}}, {"model": "app_catalog.addonparams", "pk": 18, "fields": {"addon": 4, "size": 12, "price": "2.20"}}, {"model": "app_catalog.addonparams", "pk": 19, "fields": {"addon": 5, "size": 10, "price": "0.70"}}, {"model": "app_catalog.addonparams", "pk": 20, "fields": {"addon": 5, "size": 11, "price": "0.70"}}, {"model": "app_catalog.addonparams", "pk": 21, "fields": {"addon": 5, "size": 12, "price": "1.20"}}, {"model": "app_catalog.addonparams", "pk": 22, "fields": {"addon": 6, "size": 10, "price": "0.70"}}, {"model": "app_catalog.addonparams", "pk": 23, "fields": {"addon": 6, "size": 11, "price": "0.70"}}, {"model": "app_catalog.addonparams", "pk": 24, "fields": {"addon": 6, "size": 12, "price": "1.20"}}, {"model": "app_catalog.addonparams", "pk": 25, "fields": {"addon": 7, "size": 10, "price": "2.70"}}, {"model": "app_catalog.addonparams", "pk": 26, "fields": {"addon": 7, "size": 11, "price": "2.70"}}, {"model": "app_catalog.addonparams", "pk": 27, "fields": {"addon": 7, "size": 12, "price": "3.70"}}, {"model": "app_catalog.addonparams", "pk": 28, "fields": {"addon": 8, "size": 10, "price": "0.70"}}, {"model": "app_catalog.addonparams", "pk": 29, "fields": {"addon": 8, "size": 11, "price": "0.70"}}, {"model": "app_catalog.addonparams", "pk": 30, "fields": {"addon": 8, "size": 12, "price": "1.20"}}, {"model": "app_catalog.addonparams", "pk": 31, "fields": {"addon": 9, "size": 10, "price": "1.20"}}, {"model": "app_catalog.addonparams", "pk": 32, "fields": {"addon": 9, "size": 11, "price": "1.20"}}, {"model": "app_catalog.addonparams", "pk": 33, "fields": {"addon": 9, "size": 12, "price": "2.20"}}, {"model": "app_catalog.addonparams", "pk": 34, "fields": {"addon": 10, "size": 10, "price": "1.20"}}, {"model": "app_catalog.addonparams", "pk": 35, "fields": {"addon": 10, "size": 11, "price": "1.20"}}, {"model": "app_catalog.addonparams", "pk": 36, "fields": {"addon": 10, "size": 12, "price": "2.20"}}, {"model": "app_catalog.addonparams", "pk": 37, "fields": {"addon": 11, "size": 10, "price": "1.20"}}, {"model": "app_catalog.addonparams", "pk": 38, "fields": {"addon": 11, "size": 11, "price": "1.20"}}, {"model": "app_catalog.addonparams", "pk": 39, "fields": {"addon": 11, "size": 12, "price": "2.20"}}, {"model": "app_catalog.addonparams", "pk": 40, "fields": {"addon": 12, "size": 10, "price": "1.20"}}, {"model": "app_catalog.addonparams", "pk": 41, "fields": {"addon": 12, "size": 11, "price": "1.20"}}, {"model": "app_catalog.addonparams", "pk": 42, "fields": {"addon": 12, "size": 12, "price": "2.20"}}, {"model": "app_catalog.addonparams", "pk": 43, "fields": {"addon": 13, "size": 10, "price": "0.70"}}, {"model": "app_catalog.addonparams", "pk": 44, "fields": {"addon": 13, "size": 11, "price": "0.70"}}, {"model": "app_catalog.addonparams", "pk": 45, "fields": {"addon": 13, "size": 12, "price": "1.20"}}, {"model": "app_catalog.addonparams", "pk": 46, "fields": {"addon": 14, "size": 10, "price": "0.70"}}, {"model": "app_catalog.addonparams", "pk": 47, "fields": {"addon": 14, "size": 11, "price": "0.70"}}, {"model": "app_catalog.addonparams", "pk": 48, "fields": {"addon": 14, "size": 12, "price": "1.20"}}, {"model": "app_catalog.addonparams", "pk": 49, "fields": {"addon": 15, "size": 10, "price": "1.20"}}, {"model": "app_catalog.addonparams", "pk": 50, "fields": {"addon": 15, "size": 11, "price": "1.20"}}, {"model": "app_catalog.addonparams", "pk": 51, "fields": {"addon": 15, "size": 12, "price": "2.20"}}, {"model": "app_catalog.addonparams", "pk": 52, "fields": {"addon": 16, "size": 10, "price": "1.70"}}, {"model": "app_catalog.addonparams", "pk": 53, "fields": {"addon": 16, "size": 11, "price": "1.70"}}, {"model": "app_catalog.addonparams", "pk": 54, "fields": {"addon": 16, "size": 12, "price": "2.20"}}]